platform,impressions,clicks,cost,revenue,conversions,CTR,CPC,CPM,ROMI
Facebook,6002149,221302,41862.83,427337.42,10961,0.03687046089658887,0.1891660717029218,6.9746402496839055,9.208039446927023
Google,6052973,150478,48531.08,346167.05,8613,0.024860180278352472,0.32251279256768434,8.017726165307527,6.1328940134857906
